{
	"CopyResourcesManuals" : [],
	"DataFolderName" : "Warriors of the Nile",
	"FontPlugin" : 
	{
		"NGUIFontAsset" : 
		{
			"Saveds" : []
		},
		"TMPFontAsset" : 
		{
			"Saveds" : []
		},
		"UnityDefaultFont" : 
		{
			"Saveds" : []
		}
	},
	"GameName" : "Warriors of the Nile",
	"GamePath" : "C:\\Program Files (x86)\\Steam\\steamapps\\common\\Warriors of the Nile Demo\\Warriors of the Nile_Data\\",
	"MakerName" : "ChaudiereStudio",
	"OnlineResources" : 
	[
		{
			"URL" : "https://github.com/dmc31a42/Warriors-of-the-Nile-Korean/raw/master/resources.assets_langFile_langFile.po",
			"filePath" : "resources.assets_langFile_langFile.po"
		}
	],
	"OnlineUpdate" : 
	{
		"Selected" : "None",
		"currentVersion" : "1.0.0"
	},
	"TextPlugin" : 
	{
		"Done" : 
		[
			{
				"ExternalRelativeFilePath" : "",
				"InteractWithAssetPluginName" : "RegExp",
				"InteractWithFileTextPluginName" : "GetTextPo",
				"InteractWithMonoAssetPluginName" : "",
				"assetName" : "langFile",
				"assetsName" : "resources.assets",
				"containerPath" : "data/langfile",
				"languagePairDics" : 
				{
					"0" : 
					{
						"InteractWithAssetOptions" : 
						[
							{
								"OptionDescription" : "",
								"OptionName" : "RegExp Match expression",
								"Value" : "(.*?),.*?,.*?,.*?,(.*?),.*",
								"ValueAsChild" : null,
								"type" : "WSTRING",
								"typeAsChild" : "NONE"
							},
							{
								"OptionDescription" : "Select which group is key.",
								"OptionName" : "Select Key Group",
								"Value" : 1,
								"ValueAsChild" : null,
								"type" : "INT",
								"typeAsChild" : "NONE"
							},
							{
								"OptionDescription" : "Select which group is value.",
								"OptionName" : "Select Value Group",
								"Value" : 2,
								"ValueAsChild" : null,
								"type" : "INT",
								"typeAsChild" : "NONE"
							},
							{
								"OptionDescription" : "",
								"OptionName" : "Key Replace [0] From",
								"Value" : "",
								"ValueAsChild" : null,
								"nestedOptions" : 
								[
									{
										"OptionDescription" : "",
										"OptionName" : "Key Replace [0] To",
										"Value" : "",
										"ValueAsChild" : null,
										"type" : "WSTRING",
										"typeAsChild" : "NONE"
									}
								],
								"type" : "WSTRING",
								"typeAsChild" : "NONE"
							},
							{
								"OptionDescription" : "",
								"OptionName" : "Value Replace [0] From",
								"Value" : "",
								"ValueAsChild" : null,
								"nestedOptions" : 
								[
									{
										"OptionDescription" : "",
										"OptionName" : "Value Replace [0] To",
										"Value" : "",
										"ValueAsChild" : null,
										"type" : "WSTRING",
										"typeAsChild" : "NONE"
									}
								],
								"type" : "WSTRING",
								"typeAsChild" : "NONE"
							},
							{
								"OptionDescription" : "",
								"OptionName" : "Value Replace Reserve [0] From",
								"Value" : "",
								"ValueAsChild" : null,
								"nestedOptions" : 
								[
									{
										"OptionDescription" : "",
										"OptionName" : "Value Replace Reserve [0] To",
										"Value" : "",
										"ValueAsChild" : null,
										"type" : "WSTRING",
										"typeAsChild" : "NONE"
									}
								],
								"type" : "WSTRING",
								"typeAsChild" : "NONE"
							},
							{
								"OptionDescription" : "$1 is key and $2 is value",
								"OptionName" : "Reverse RegExp replace expression",
								"Value" : "$1,,,,$2,",
								"ValueAsChild" : null,
								"type" : "WSTRING",
								"typeAsChild" : "NONE"
							}
						],
						"InteractWithFileTextOptions" : 
						[
							{
								"OptionDescription" : "Set File Name saved.",
								"OptionName" : "File Name:",
								"Value" : "langFile.po",
								"ValueAsChild" : null,
								"type" : "WSTRING",
								"typeAsChild" : "NONE"
							}
						],
						"TranslatedFileName" : "langFile.po"
					}
				},
				"useContainerPath" : false
			}
		]
	}
}
